<?xml version="1.0" encoding="UTF-8"?>
<beans xmlns="http://www.springframework.org/schema/beans"
	xmlns:xsi="http://www.w3.org/2001/XMLSchema-instance"
	xsi:schemaLocation="
        http://www.springframework.org/schema/beans http://www.springframework.org/schema/beans/spring-beans.xsd">

	<bean id="college" class="com.example.LabCycle02.College"
		scope="singleton">
		<property name="name" value="RV College of Engineering" />
		<property name="address" value="Banglore" />
	</bean>
	<bean id="department" class="com.example.LabCycle02.Department"
		scope="prototype">
		<constructor-arg name="college" ref="college"></constructor-arg>


	</bean>
</beans>